Prazo,Ação,Objetivo,Área Responsável,Prioridade
Curto prazo,Criar alerta para vendas com lucro negativo,Evitar vendas que geram prejuízo.,Comercial / Financeiro,Alta
Curto prazo,Bloquear ou exigir aprovação para descontos acima de 20%,Reduzir perda de margem em vendas altamente descontadas.,Comercial / Gerência,Alta
Curto prazo,Monitorar taxa de atraso por canal e região,Identificar gargalos operacionais prioritários.,Operações / Logística,Alta
Curto prazo,Identificar vendedores com maior desconto médio,Corrigir práticas comerciais pouco rentáveis.,Comercial,Média
Médio prazo,"Recalibrar metas por produto, região, canal e vendedor",Tornar as metas mais realistas e aderentes ao histórico.,Gestão Comercial,Alta
Médio prazo,Revisar mix de produtos do Centro-Oeste,Melhorar a rentabilidade regional.,Comercial / Produtos,Média
Médio prazo,"Criar ranking comercial por lucro, margem e meta",Avaliar a equipe comercial com mais precisão.,Gestão Comercial,Média
Longo prazo,Implantar dashboard recorrente de BI,Acompanhar resultados de forma visual e recorrente.,BI / Gestão,Alta
Longo prazo,Automatizar acompanhamento mensal dos KPIs estratégicos,Transformar BI em rotina de gestão.,BI / Gestão,Média
