id_cliente,cliente,tipo_cliente,tempo_relacionamento_meses,faixa_renda,segmento
1,Cliente_150,Novo,1,Média,Varejo
2,Cliente_109,Novo,0,Alta,Varejo
3,Cliente_108,Novo,5,Média,Varejo
4,Cliente_141,Recorrente,15,Baixa,Varejo
5,Cliente_150,Recorrente,17,Média,Atacado
6,Cliente_127,Recorrente,29,Alta,Atacado
7,Cliente_126,Recorrente,28,Baixa,Atacado
8,Cliente_024,Recorrente,20,Baixa,Atacado
9,Cliente_099,Recorrente,44,Alta,Atacado
10,Cliente_197,Novo,3,Baixa,Atacado
11,Cliente_141,Recorrente,4,Média,Atacado
12,Cliente_046,Novo,1,Baixa,Varejo
13,Cliente_038,Recorrente,23,Baixa,Atacado
14,Cliente_144,Recorrente,39,Alta,Atacado
15,Cliente_054,Novo,5,Baixa,Atacado
16,Cliente_158,Novo,5,Média,Varejo
17,Cliente_032,Recorrente,22,Média,Varejo
18,Cliente_088,Novo,5,Alta,Atacado
19,Cliente_077,Novo,2,Alta,Varejo
20,Cliente_195,Novo,0,Alta,Varejo
21,Cliente_072,Novo,2,Baixa,Atacado
22,Cliente_027,Novo,2,Baixa,Varejo
23,Cliente_089,Recorrente,47,Alta,Varejo
24,Cliente_102,Novo,4,Alta,Atacado
25,Cliente_038,Recorrente,29,Alta,Atacado
26,Cliente_055,Recorrente,14,Baixa,Varejo
27,Cliente_016,Recorrente,32,Baixa,Atacado
28,Cliente_156,Recorrente,9,Baixa,Varejo
29,Cliente_133,Recorrente,21,Alta,Atacado
30,Cliente_116,Novo,5,Alta,Varejo
31,Cliente_064,Recorrente,3,Alta,Atacado
32,Cliente_172,Recorrente,45,Baixa,Varejo
33,Cliente_036,Novo,4,Média,Atacado
34,Cliente_104,Recorrente,48,Alta,Atacado
35,Cliente_118,Recorrente,46,Alta,Atacado
36,Cliente_022,Novo,2,Baixa,Atacado
37,Cliente_138,Recorrente,18,Baixa,Atacado
38,Cliente_005,Novo,4,Média,Varejo
39,Cliente_142,Novo,2,Média,Atacado
40,Cliente_013,Novo,1,Média,Varejo
41,Cliente_005,Recorrente,4,Média,Atacado
42,Cliente_169,Recorrente,6,Baixa,Atacado
43,Cliente_181,Recorrente,5,Baixa,Varejo
44,Cliente_015,Recorrente,9,Baixa,Varejo
45,Cliente_041,Recorrente,49,Baixa,Atacado
46,Cliente_080,Novo,0,Baixa,Varejo
47,Cliente_168,Recorrente,23,Alta,Varejo
48,Cliente_011,Recorrente,40,Alta,Atacado
49,Cliente_185,Recorrente,57,Média,Atacado
50,Cliente_193,Novo,0,Alta,Varejo
51,Cliente_143,Recorrente,22,Média,Varejo
52,Cliente_129,Novo,1,Alta,Varejo
53,Cliente_167,Novo,1,Alta,Atacado
54,Cliente_154,Novo,2,Baixa,Varejo
55,Cliente_173,Recorrente,58,Média,Varejo
56,Cliente_052,Novo,3,Alta,Atacado
57,Cliente_054,Recorrente,53,Média,Varejo
58,Cliente_155,Recorrente,39,Baixa,Atacado
59,Cliente_126,Novo,4,Baixa,Atacado
60,Cliente_001,Novo,0,Baixa,Atacado
61,Cliente_017,Recorrente,12,Média,Atacado
62,Cliente_014,Recorrente,41,Baixa,Atacado
63,Cliente_008,Recorrente,45,Média,Atacado
64,Cliente_013,Recorrente,47,Média,Varejo
65,Cliente_168,Recorrente,19,Média,Varejo
66,Cliente_128,Novo,0,Alta,Varejo
67,Cliente_045,Novo,2,Baixa,Atacado
68,Cliente_106,Novo,5,Alta,Atacado
69,Cliente_148,Recorrente,1,Média,Atacado
70,Cliente_115,Recorrente,26,Alta,Atacado
71,Cliente_101,Novo,3,Baixa,Atacado
72,Cliente_142,Recorrente,42,Baixa,Varejo
73,Cliente_163,Recorrente,36,Alta,Atacado
74,Cliente_058,Recorrente,22,Média,Varejo
75,Cliente_061,Recorrente,37,Alta,Varejo
76,Cliente_066,Recorrente,18,Baixa,Varejo
77,Cliente_102,Recorrente,50,Média,Varejo
78,Cliente_120,Novo,0,Baixa,Varejo
79,Cliente_171,Recorrente,19,Média,Varejo
80,Cliente_182,Recorrente,43,Baixa,Varejo
81,Cliente_049,Novo,0,Média,Varejo
82,Cliente_001,Novo,1,Baixa,Varejo
83,Cliente_197,Recorrente,45,Média,Atacado
84,Cliente_094,Novo,2,Média,Atacado
85,Cliente_016,Recorrente,52,Baixa,Atacado
86,Cliente_184,Recorrente,32,Alta,Atacado
87,Cliente_120,Recorrente,8,Alta,Atacado
88,Cliente_198,Recorrente,1,Alta,Varejo
89,Cliente_193,Novo,3,Média,Varejo
90,Cliente_027,Novo,4,Média,Varejo
91,Cliente_060,Recorrente,18,Baixa,Varejo
92,Cliente_066,Recorrente,58,Média,Atacado
93,Cliente_049,Recorrente,58,Alta,Atacado
94,Cliente_119,Novo,0,Alta,Varejo
95,Cliente_031,Recorrente,50,Baixa,Varejo
96,Cliente_067,Recorrente,46,Alta,Varejo
97,Cliente_053,Novo,1,Baixa,Atacado
98,Cliente_080,Novo,5,Alta,Varejo
99,Cliente_141,Recorrente,17,Alta,Varejo
100,Cliente_080,Recorrente,6,Baixa,Atacado
101,Cliente_002,Recorrente,34,Baixa,Atacado
102,Cliente_034,Recorrente,14,Média,Varejo
103,Cliente_090,Novo,2,Baixa,Atacado
104,Cliente_033,Novo,1,Média,Varejo
105,Cliente_104,Novo,5,Alta,Varejo
106,Cliente_032,Recorrente,29,Média,Varejo
107,Cliente_117,Recorrente,46,Alta,Atacado
108,Cliente_006,Recorrente,23,Baixa,Varejo
109,Cliente_028,Recorrente,57,Média,Varejo
110,Cliente_034,Novo,0,Alta,Varejo
111,Cliente_158,Novo,0,Baixa,Varejo
112,Cliente_194,Recorrente,34,Alta,Atacado
113,Cliente_068,Novo,3,Alta,Varejo
114,Cliente_084,Recorrente,40,Alta,Atacado
115,Cliente_138,Novo,2,Média,Atacado
116,Cliente_114,Recorrente,30,Baixa,Varejo
117,Cliente_001,Recorrente,58,Alta,Varejo
118,Cliente_126,Novo,1,Baixa,Varejo
119,Cliente_092,Novo,0,Alta,Varejo
120,Cliente_004,Novo,0,Baixa,Varejo
121,Cliente_003,Recorrente,12,Média,Varejo
122,Cliente_137,Novo,3,Baixa,Varejo
123,Cliente_106,Novo,5,Baixa,Varejo
124,Cliente_138,Recorrente,31,Alta,Varejo
125,Cliente_067,Novo,0,Baixa,Varejo
126,Cliente_134,Recorrente,1,Alta,Atacado
127,Cliente_192,Novo,4,Baixa,Atacado
128,Cliente_179,Recorrente,1,Alta,Varejo
129,Cliente_009,Novo,4,Baixa,Varejo
130,Cliente_178,Novo,2,Baixa,Varejo
131,Cliente_064,Recorrente,48,Baixa,Varejo
132,Cliente_034,Recorrente,49,Baixa,Varejo
133,Cliente_073,Recorrente,5,Média,Varejo
134,Cliente_133,Novo,0,Média,Varejo
135,Cliente_001,Novo,2,Média,Varejo
136,Cliente_152,Novo,5,Média,Atacado
137,Cliente_163,Novo,5,Baixa,Varejo
138,Cliente_023,Recorrente,23,Alta,Atacado
139,Cliente_060,Recorrente,25,Alta,Atacado
140,Cliente_142,Recorrente,30,Baixa,Atacado
141,Cliente_165,Recorrente,41,Média,Varejo
142,Cliente_134,Recorrente,50,Alta,Atacado
143,Cliente_099,Novo,5,Baixa,Varejo
144,Cliente_053,Novo,0,Média,Atacado
145,Cliente_037,Recorrente,49,Baixa,Atacado
146,Cliente_185,Novo,1,Alta,Varejo
147,Cliente_103,Recorrente,27,Baixa,Varejo
148,Cliente_084,Novo,4,Alta,Varejo
149,Cliente_052,Novo,1,Alta,Atacado
150,Cliente_088,Recorrente,16,Alta,Atacado
151,Cliente_071,Novo,3,Média,Atacado
152,Cliente_058,Recorrente,11,Baixa,Atacado
153,Cliente_163,Novo,3,Baixa,Varejo
154,Cliente_167,Recorrente,29,Alta,Varejo
155,Cliente_048,Recorrente,47,Alta,Atacado
156,Cliente_110,Recorrente,41,Média,Varejo
157,Cliente_089,Novo,5,Alta,Varejo
158,Cliente_048,Novo,5,Baixa,Atacado
159,Cliente_127,Recorrente,51,Baixa,Varejo
160,Cliente_127,Novo,0,Média,Varejo
161,Cliente_083,Novo,2,Baixa,Atacado
162,Cliente_093,Novo,4,Alta,Varejo
163,Cliente_009,Recorrente,53,Baixa,Varejo
164,Cliente_142,Recorrente,1,Alta,Varejo
165,Cliente_091,Recorrente,25,Média,Atacado
166,Cliente_082,Recorrente,1,Baixa,Atacado
167,Cliente_077,Novo,5,Média,Varejo
168,Cliente_173,Novo,5,Alta,Varejo
169,Cliente_168,Recorrente,39,Baixa,Varejo
170,Cliente_006,Novo,2,Média,Atacado
171,Cliente_004,Recorrente,50,Baixa,Atacado
172,Cliente_004,Novo,3,Alta,Atacado
173,Cliente_071,Recorrente,8,Baixa,Varejo
174,Cliente_143,Recorrente,26,Alta,Atacado
175,Cliente_080,Novo,3,Baixa,Atacado
176,Cliente_043,Recorrente,49,Alta,Varejo
177,Cliente_086,Recorrente,16,Alta,Atacado
178,Cliente_097,Recorrente,7,Baixa,Atacado
179,Cliente_109,Recorrente,11,Média,Varejo
180,Cliente_022,Recorrente,14,Alta,Atacado
181,Cliente_053,Recorrente,9,Alta,Atacado
182,Cliente_149,Novo,3,Média,Atacado
183,Cliente_075,Novo,5,Alta,Atacado
184,Cliente_162,Novo,2,Média,Atacado
185,Cliente_053,Novo,2,Baixa,Atacado
186,Cliente_087,Recorrente,25,Baixa,Varejo
187,Cliente_017,Recorrente,31,Média,Atacado
188,Cliente_115,Recorrente,36,Baixa,Varejo
189,Cliente_008,Novo,3,Alta,Varejo
190,Cliente_174,Novo,3,Baixa,Atacado
191,Cliente_124,Novo,0,Média,Atacado
192,Cliente_041,Novo,0,Baixa,Varejo
193,Cliente_020,Novo,0,Alta,Atacado
194,Cliente_189,Recorrente,26,Baixa,Varejo
195,Cliente_040,Recorrente,51,Baixa,Varejo
196,Cliente_117,Novo,0,Média,Atacado
197,Cliente_194,Novo,2,Média,Varejo
198,Cliente_042,Recorrente,44,Média,Varejo
199,Cliente_135,Recorrente,4,Baixa,Atacado
200,Cliente_047,Novo,2,Baixa,Varejo
201,Cliente_036,Novo,0,Baixa,Varejo
202,Cliente_089,Novo,5,Alta,Atacado
203,Cliente_048,Recorrente,28,Baixa,Atacado
204,Cliente_092,Novo,2,Baixa,Varejo
205,Cliente_138,Novo,4,Alta,Varejo
206,Cliente_065,Novo,1,Média,Varejo
207,Cliente_114,Novo,1,Alta,Varejo
208,Cliente_129,Recorrente,11,Alta,Atacado
209,Cliente_172,Novo,0,Baixa,Atacado
210,Cliente_199,Recorrente,50,Baixa,Atacado
211,Cliente_014,Recorrente,54,Baixa,Atacado
212,Cliente_048,Novo,1,Alta,Varejo
213,Cliente_163,Recorrente,48,Média,Varejo
214,Cliente_032,Novo,3,Média,Varejo
215,Cliente_016,Novo,1,Baixa,Atacado
216,Cliente_148,Recorrente,32,Média,Atacado
217,Cliente_141,Recorrente,41,Baixa,Atacado
218,Cliente_057,Novo,4,Média,Varejo
219,Cliente_084,Recorrente,27,Alta,Atacado
220,Cliente_090,Novo,5,Alta,Atacado
221,Cliente_087,Novo,2,Média,Atacado
222,Cliente_027,Novo,2,Média,Varejo
223,Cliente_160,Recorrente,37,Média,Varejo
224,Cliente_135,Recorrente,12,Média,Atacado
225,Cliente_112,Recorrente,20,Baixa,Atacado
226,Cliente_003,Novo,2,Média,Varejo
227,Cliente_119,Recorrente,31,Média,Atacado
228,Cliente_096,Novo,4,Média,Atacado
229,Cliente_093,Novo,0,Baixa,Atacado
230,Cliente_041,Recorrente,19,Alta,Atacado
231,Cliente_162,Recorrente,29,Alta,Varejo
232,Cliente_026,Recorrente,17,Média,Varejo
233,Cliente_051,Novo,2,Alta,Atacado
234,Cliente_126,Novo,1,Alta,Atacado
235,Cliente_009,Recorrente,46,Baixa,Atacado
236,Cliente_057,Novo,3,Baixa,Atacado
237,Cliente_045,Novo,0,Alta,Atacado
238,Cliente_174,Novo,4,Baixa,Atacado
239,Cliente_045,Novo,3,Baixa,Varejo
240,Cliente_137,Novo,3,Média,Atacado
241,Cliente_120,Recorrente,54,Baixa,Atacado
242,Cliente_181,Novo,2,Baixa,Varejo
243,Cliente_095,Novo,0,Baixa,Atacado
244,Cliente_173,Novo,3,Média,Varejo
245,Cliente_193,Novo,2,Baixa,Varejo
246,Cliente_100,Recorrente,54,Baixa,Varejo
247,Cliente_195,Recorrente,1,Alta,Atacado
248,Cliente_092,Recorrente,19,Média,Atacado
249,Cliente_169,Recorrente,1,Baixa,Atacado
250,Cliente_188,Recorrente,11,Alta,Varejo
251,Cliente_190,Novo,0,Média,Varejo
252,Cliente_176,Recorrente,58,Alta,Atacado
253,Cliente_029,Novo,1,Alta,Varejo
254,Cliente_024,Recorrente,42,Alta,Atacado
255,Cliente_132,Recorrente,8,Alta,Varejo
256,Cliente_067,Novo,0,Alta,Varejo
257,Cliente_035,Recorrente,5,Baixa,Atacado
258,Cliente_077,Recorrente,33,Alta,Varejo
259,Cliente_171,Novo,4,Alta,Varejo
260,Cliente_053,Recorrente,45,Média,Varejo
261,Cliente_084,Novo,3,Baixa,Atacado
262,Cliente_120,Novo,2,Baixa,Atacado
263,Cliente_140,Recorrente,24,Baixa,Atacado
264,Cliente_036,Novo,5,Baixa,Varejo
265,Cliente_080,Novo,4,Alta,Atacado
266,Cliente_062,Recorrente,48,Média,Varejo
267,Cliente_041,Recorrente,20,Alta,Atacado
268,Cliente_113,Novo,1,Baixa,Atacado
269,Cliente_019,Novo,0,Média,Varejo
270,Cliente_002,Recorrente,59,Média,Atacado
271,Cliente_137,Recorrente,7,Média,Varejo
272,Cliente_124,Recorrente,10,Média,Varejo
273,Cliente_149,Novo,1,Alta,Atacado
274,Cliente_052,Novo,0,Baixa,Varejo
275,Cliente_118,Novo,0,Alta,Varejo
276,Cliente_141,Novo,5,Alta,Varejo
277,Cliente_096,Novo,1,Baixa,Varejo
278,Cliente_031,Recorrente,56,Média,Varejo
279,Cliente_088,Recorrente,21,Alta,Varejo
280,Cliente_155,Recorrente,24,Baixa,Atacado
281,Cliente_178,Recorrente,13,Baixa,Atacado
282,Cliente_048,Novo,1,Média,Varejo
283,Cliente_088,Novo,1,Baixa,Varejo
284,Cliente_041,Recorrente,27,Média,Atacado
285,Cliente_151,Recorrente,58,Baixa,Varejo
286,Cliente_081,Recorrente,17,Média,Varejo
287,Cliente_012,Recorrente,36,Alta,Varejo
288,Cliente_147,Recorrente,54,Alta,Varejo
289,Cliente_061,Recorrente,23,Média,Varejo
290,Cliente_016,Recorrente,40,Média,Atacado
291,Cliente_002,Novo,5,Baixa,Atacado
292,Cliente_185,Novo,3,Média,Atacado
293,Cliente_149,Novo,5,Média,Atacado
294,Cliente_140,Recorrente,39,Média,Varejo
295,Cliente_155,Recorrente,5,Baixa,Atacado
296,Cliente_148,Novo,0,Baixa,Atacado
297,Cliente_161,Novo,4,Baixa,Atacado
298,Cliente_168,Recorrente,50,Alta,Atacado
299,Cliente_136,Novo,5,Baixa,Varejo
300,Cliente_190,Recorrente,5,Baixa,Atacado
301,Cliente_065,Recorrente,30,Baixa,Varejo
302,Cliente_160,Novo,2,Baixa,Varejo
303,Cliente_189,Novo,1,Baixa,Varejo
304,Cliente_055,Recorrente,11,Média,Atacado
305,Cliente_145,Novo,3,Baixa,Atacado
306,Cliente_060,Recorrente,47,Baixa,Atacado
307,Cliente_197,Novo,4,Média,Atacado
308,Cliente_082,Novo,5,Baixa,Atacado
309,Cliente_112,Recorrente,24,Baixa,Varejo
310,Cliente_189,Novo,5,Alta,Atacado
311,Cliente_009,Recorrente,36,Média,Varejo
312,Cliente_027,Recorrente,22,Média,Varejo
313,Cliente_046,Recorrente,22,Baixa,Varejo
314,Cliente_188,Novo,0,Baixa,Varejo
315,Cliente_013,Novo,0,Alta,Atacado
316,Cliente_085,Recorrente,40,Alta,Atacado
317,Cliente_195,Novo,5,Média,Atacado
318,Cliente_051,Recorrente,56,Baixa,Varejo
319,Cliente_172,Recorrente,39,Baixa,Atacado
320,Cliente_162,Recorrente,19,Baixa,Atacado
321,Cliente_196,Novo,2,Alta,Atacado
322,Cliente_094,Novo,0,Alta,Varejo
323,Cliente_098,Novo,4,Média,Atacado
324,Cliente_092,Novo,1,Média,Atacado
325,Cliente_123,Recorrente,20,Alta,Varejo
326,Cliente_088,Recorrente,38,Alta,Atacado
327,Cliente_184,Novo,4,Média,Atacado
328,Cliente_033,Novo,4,Baixa,Atacado
329,Cliente_183,Recorrente,48,Baixa,Atacado
330,Cliente_107,Recorrente,11,Alta,Atacado
331,Cliente_017,Recorrente,23,Baixa,Atacado
332,Cliente_011,Recorrente,8,Alta,Atacado
333,Cliente_128,Novo,2,Baixa,Varejo
334,Cliente_141,Recorrente,36,Baixa,Atacado
335,Cliente_138,Novo,4,Baixa,Atacado
336,Cliente_014,Recorrente,26,Alta,Atacado
337,Cliente_014,Novo,2,Baixa,Varejo
338,Cliente_143,Recorrente,14,Alta,Varejo
339,Cliente_113,Recorrente,43,Baixa,Atacado
340,Cliente_047,Novo,5,Baixa,Atacado
341,Cliente_144,Novo,1,Alta,Varejo
342,Cliente_026,Novo,2,Alta,Atacado
343,Cliente_109,Recorrente,49,Alta,Varejo
344,Cliente_144,Recorrente,47,Alta,Varejo
345,Cliente_098,Novo,4,Baixa,Varejo
346,Cliente_174,Recorrente,46,Média,Atacado
347,Cliente_090,Recorrente,49,Média,Varejo
348,Cliente_121,Novo,2,Baixa,Atacado
349,Cliente_050,Novo,2,Média,Varejo
350,Cliente_191,Novo,4,Média,Atacado
351,Cliente_142,Novo,0,Alta,Varejo
352,Cliente_166,Novo,5,Média,Varejo
353,Cliente_024,Novo,5,Alta,Atacado
354,Cliente_040,Novo,4,Baixa,Atacado
355,Cliente_066,Novo,3,Alta,Atacado
356,Cliente_028,Novo,4,Baixa,Varejo
357,Cliente_109,Recorrente,48,Baixa,Atacado
358,Cliente_153,Novo,4,Baixa,Varejo
359,Cliente_022,Recorrente,4,Média,Atacado
360,Cliente_188,Novo,5,Baixa,Varejo
361,Cliente_123,Novo,3,Baixa,Varejo
362,Cliente_106,Novo,2,Média,Varejo
363,Cliente_078,Recorrente,4,Alta,Varejo
364,Cliente_065,Novo,2,Baixa,Varejo
365,Cliente_102,Recorrente,45,Alta,Atacado
366,Cliente_077,Recorrente,7,Baixa,Atacado
367,Cliente_086,Recorrente,56,Baixa,Varejo
368,Cliente_070,Recorrente,49,Baixa,Varejo
369,Cliente_070,Novo,4,Baixa,Atacado
370,Cliente_082,Recorrente,12,Média,Varejo
371,Cliente_169,Recorrente,57,Alta,Atacado
372,Cliente_069,Recorrente,53,Média,Atacado
373,Cliente_005,Recorrente,34,Alta,Varejo
374,Cliente_084,Recorrente,11,Baixa,Atacado
375,Cliente_192,Recorrente,57,Baixa,Atacado
376,Cliente_182,Recorrente,42,Média,Atacado
377,Cliente_133,Novo,4,Baixa,Varejo
378,Cliente_178,Recorrente,36,Média,Varejo
379,Cliente_175,Recorrente,43,Baixa,Atacado
380,Cliente_116,Novo,0,Alta,Atacado
381,Cliente_071,Recorrente,4,Baixa,Atacado
382,Cliente_179,Novo,1,Alta,Atacado
383,Cliente_029,Recorrente,42,Alta,Atacado
384,Cliente_087,Recorrente,44,Média,Atacado
385,Cliente_018,Novo,1,Média,Varejo
386,Cliente_057,Novo,3,Baixa,Varejo
387,Cliente_018,Recorrente,31,Alta,Atacado
388,Cliente_180,Recorrente,26,Baixa,Varejo
389,Cliente_016,Recorrente,24,Alta,Atacado
390,Cliente_136,Recorrente,41,Média,Varejo
391,Cliente_008,Novo,5,Baixa,Atacado
392,Cliente_132,Recorrente,51,Média,Atacado
393,Cliente_035,Recorrente,7,Alta,Atacado
394,Cliente_043,Novo,5,Média,Atacado
395,Cliente_194,Novo,5,Alta,Atacado
396,Cliente_185,Novo,2,Alta,Atacado
397,Cliente_091,Novo,4,Alta,Atacado
398,Cliente_091,Recorrente,8,Baixa,Atacado
399,Cliente_036,Recorrente,24,Baixa,Varejo
400,Cliente_147,Novo,4,Baixa,Varejo
401,Cliente_091,Novo,3,Baixa,Atacado
402,Cliente_186,Novo,2,Alta,Varejo
403,Cliente_128,Novo,4,Baixa,Atacado
404,Cliente_025,Novo,4,Baixa,Varejo
405,Cliente_164,Novo,1,Alta,Atacado
406,Cliente_037,Novo,1,Baixa,Varejo
407,Cliente_014,Novo,5,Alta,Atacado
408,Cliente_182,Novo,2,Baixa,Varejo
409,Cliente_023,Novo,4,Baixa,Atacado
410,Cliente_021,Novo,2,Baixa,Varejo
411,Cliente_016,Novo,4,Baixa,Varejo
412,Cliente_035,Recorrente,13,Alta,Atacado
413,Cliente_168,Recorrente,46,Baixa,Atacado
414,Cliente_140,Recorrente,51,Baixa,Atacado
415,Cliente_081,Novo,4,Baixa,Atacado
416,Cliente_170,Novo,0,Alta,Varejo
417,Cliente_184,Recorrente,45,Média,Varejo
418,Cliente_066,Novo,3,Média,Varejo
419,Cliente_020,Recorrente,12,Média,Varejo
420,Cliente_127,Novo,4,Alta,Atacado
421,Cliente_187,Novo,5,Média,Varejo
422,Cliente_090,Novo,3,Baixa,Atacado
423,Cliente_068,Recorrente,2,Alta,Varejo
424,Cliente_150,Novo,4,Alta,Varejo
425,Cliente_185,Recorrente,41,Alta,Varejo
426,Cliente_074,Novo,3,Baixa,Atacado
427,Cliente_002,Recorrente,38,Média,Varejo
428,Cliente_030,Recorrente,23,Média,Varejo
429,Cliente_060,Recorrente,21,Baixa,Atacado
430,Cliente_062,Recorrente,26,Média,Atacado
431,Cliente_111,Novo,5,Baixa,Varejo
432,Cliente_120,Recorrente,49,Média,Atacado
433,Cliente_031,Recorrente,34,Baixa,Atacado
434,Cliente_190,Recorrente,40,Alta,Varejo
435,Cliente_169,Novo,0,Média,Varejo
436,Cliente_036,Recorrente,9,Média,Varejo
437,Cliente_124,Novo,4,Baixa,Varejo
438,Cliente_052,Novo,1,Média,Atacado
439,Cliente_172,Recorrente,1,Média,Varejo
440,Cliente_144,Recorrente,35,Média,Atacado
441,Cliente_035,Novo,0,Alta,Atacado
442,Cliente_146,Recorrente,7,Média,Varejo
443,Cliente_019,Novo,5,Média,Atacado
444,Cliente_063,Novo,4,Média,Atacado
445,Cliente_178,Recorrente,56,Baixa,Atacado
446,Cliente_173,Recorrente,38,Baixa,Atacado
447,Cliente_111,Recorrente,14,Baixa,Varejo
448,Cliente_170,Recorrente,35,Média,Atacado
449,Cliente_158,Novo,0,Média,Atacado
450,Cliente_195,Recorrente,54,Alta,Atacado
451,Cliente_162,Recorrente,16,Baixa,Atacado
452,Cliente_117,Novo,2,Alta,Varejo
453,Cliente_179,Novo,0,Baixa,Varejo
454,Cliente_022,Novo,4,Baixa,Varejo
455,Cliente_107,Recorrente,23,Média,Atacado
456,Cliente_160,Novo,1,Baixa,Varejo
457,Cliente_121,Recorrente,46,Baixa,Varejo
458,Cliente_024,Novo,4,Alta,Atacado
459,Cliente_193,Recorrente,9,Baixa,Atacado
460,Cliente_075,Novo,4,Alta,Varejo
461,Cliente_016,Novo,2,Baixa,Varejo
462,Cliente_081,Novo,0,Alta,Varejo
463,Cliente_051,Recorrente,1,Baixa,Atacado
464,Cliente_018,Novo,1,Alta,Atacado
465,Cliente_123,Recorrente,49,Média,Atacado
466,Cliente_164,Recorrente,42,Baixa,Atacado
467,Cliente_018,Recorrente,22,Alta,Atacado
468,Cliente_197,Novo,2,Média,Varejo
469,Cliente_045,Novo,5,Baixa,Atacado
470,Cliente_190,Novo,4,Média,Atacado
471,Cliente_050,Novo,5,Alta,Atacado
472,Cliente_083,Novo,5,Alta,Atacado
473,Cliente_196,Recorrente,49,Baixa,Atacado
474,Cliente_159,Recorrente,23,Média,Atacado
475,Cliente_014,Novo,5,Alta,Varejo
476,Cliente_139,Novo,3,Baixa,Atacado
477,Cliente_121,Recorrente,29,Média,Atacado
478,Cliente_007,Recorrente,35,Baixa,Varejo
479,Cliente_103,Recorrente,48,Alta,Atacado
480,Cliente_028,Recorrente,35,Alta,Varejo
481,Cliente_139,Novo,0,Média,Atacado
482,Cliente_034,Novo,5,Alta,Atacado
483,Cliente_189,Novo,1,Média,Atacado
484,Cliente_188,Recorrente,21,Alta,Varejo
485,Cliente_167,Novo,1,Baixa,Varejo
486,Cliente_144,Recorrente,39,Baixa,Varejo
487,Cliente_108,Recorrente,38,Baixa,Varejo
488,Cliente_133,Recorrente,4,Baixa,Varejo
489,Cliente_109,Novo,0,Média,Varejo
490,Cliente_118,Novo,0,Média,Varejo
491,Cliente_105,Novo,0,Baixa,Atacado
492,Cliente_050,Novo,4,Baixa,Atacado
493,Cliente_071,Recorrente,23,Média,Atacado
494,Cliente_104,Recorrente,46,Baixa,Varejo
495,Cliente_141,Recorrente,12,Alta,Varejo
496,Cliente_168,Novo,5,Baixa,Varejo
497,Cliente_141,Recorrente,57,Baixa,Atacado
498,Cliente_127,Recorrente,53,Média,Atacado
499,Cliente_086,Recorrente,39,Baixa,Atacado
500,Cliente_138,Recorrente,46,Alta,Varejo
501,Cliente_054,Novo,1,Baixa,Varejo
502,Cliente_188,Recorrente,52,Baixa,Varejo
503,Cliente_099,Recorrente,49,Alta,Atacado
504,Cliente_010,Novo,0,Baixa,Varejo
505,Cliente_092,Novo,4,Alta,Varejo
506,Cliente_124,Recorrente,39,Baixa,Varejo
507,Cliente_141,Novo,3,Média,Varejo
508,Cliente_133,Novo,1,Alta,Varejo
509,Cliente_181,Recorrente,1,Média,Varejo
510,Cliente_049,Recorrente,19,Baixa,Atacado
511,Cliente_147,Recorrente,18,Baixa,Atacado
512,Cliente_151,Recorrente,1,Média,Atacado
513,Cliente_186,Recorrente,58,Média,Atacado
514,Cliente_168,Novo,2,Baixa,Atacado
515,Cliente_175,Recorrente,55,Média,Atacado
516,Cliente_097,Recorrente,16,Alta,Varejo
517,Cliente_056,Novo,0,Baixa,Atacado
518,Cliente_048,Novo,0,Baixa,Atacado
519,Cliente_057,Recorrente,37,Baixa,Varejo
520,Cliente_175,Recorrente,49,Média,Varejo
521,Cliente_176,Novo,2,Alta,Varejo
522,Cliente_095,Recorrente,13,Alta,Varejo
523,Cliente_036,Recorrente,53,Baixa,Atacado
524,Cliente_032,Novo,5,Baixa,Atacado
525,Cliente_155,Recorrente,19,Baixa,Varejo
526,Cliente_132,Novo,1,Baixa,Varejo
527,Cliente_110,Recorrente,4,Baixa,Varejo
528,Cliente_052,Novo,2,Alta,Varejo
529,Cliente_179,Recorrente,31,Média,Varejo
530,Cliente_170,Recorrente,28,Média,Varejo
531,Cliente_095,Novo,2,Média,Atacado
532,Cliente_129,Novo,0,Média,Varejo
533,Cliente_061,Recorrente,48,Baixa,Varejo
534,Cliente_122,Recorrente,39,Média,Varejo
535,Cliente_067,Novo,3,Baixa,Varejo
536,Cliente_176,Recorrente,59,Baixa,Varejo
537,Cliente_012,Novo,5,Alta,Atacado
538,Cliente_134,Novo,1,Baixa,Varejo
539,Cliente_120,Novo,1,Baixa,Varejo
540,Cliente_064,Recorrente,7,Média,Atacado
541,Cliente_019,Novo,4,Baixa,Varejo
542,Cliente_172,Novo,4,Baixa,Atacado
543,Cliente_033,Recorrente,13,Média,Varejo
544,Cliente_150,Novo,2,Baixa,Atacado
545,Cliente_046,Recorrente,22,Média,Varejo
546,Cliente_144,Recorrente,5,Alta,Atacado
547,Cliente_131,Recorrente,40,Média,Varejo
548,Cliente_076,Novo,2,Alta,Atacado
549,Cliente_103,Recorrente,42,Média,Varejo
550,Cliente_093,Recorrente,6,Média,Varejo
551,Cliente_141,Novo,0,Média,Varejo
552,Cliente_087,Novo,4,Média,Atacado
553,Cliente_183,Recorrente,38,Baixa,Varejo
554,Cliente_047,Novo,3,Alta,Varejo
555,Cliente_109,Novo,2,Média,Varejo
556,Cliente_101,Recorrente,37,Baixa,Atacado
557,Cliente_009,Novo,1,Alta,Varejo
558,Cliente_151,Novo,2,Média,Atacado
559,Cliente_109,Novo,2,Alta,Varejo
560,Cliente_199,Recorrente,43,Média,Atacado
561,Cliente_100,Recorrente,28,Alta,Varejo
562,Cliente_024,Novo,4,Baixa,Varejo
563,Cliente_090,Recorrente,45,Alta,Atacado
564,Cliente_092,Novo,0,Média,Atacado
565,Cliente_170,Novo,2,Baixa,Varejo
566,Cliente_188,Novo,3,Média,Varejo
567,Cliente_121,Recorrente,23,Alta,Varejo
568,Cliente_131,Novo,4,Alta,Atacado
569,Cliente_080,Novo,4,Média,Atacado
570,Cliente_115,Recorrente,42,Média,Varejo
571,Cliente_046,Recorrente,28,Baixa,Varejo
572,Cliente_081,Novo,0,Baixa,Atacado
573,Cliente_041,Novo,2,Baixa,Atacado
574,Cliente_188,Novo,3,Baixa,Atacado
575,Cliente_139,Recorrente,14,Alta,Atacado
576,Cliente_079,Novo,3,Alta,Atacado
577,Cliente_125,Recorrente,3,Alta,Varejo
578,Cliente_196,Novo,1,Baixa,Varejo
579,Cliente_071,Novo,0,Média,Atacado
580,Cliente_001,Recorrente,32,Média,Atacado
581,Cliente_173,Recorrente,38,Média,Atacado
582,Cliente_165,Recorrente,33,Baixa,Atacado
583,Cliente_151,Novo,1,Média,Varejo
584,Cliente_146,Novo,5,Alta,Varejo
585,Cliente_123,Recorrente,58,Baixa,Varejo
586,Cliente_064,Novo,0,Baixa,Varejo
587,Cliente_077,Recorrente,12,Baixa,Atacado
588,Cliente_192,Novo,0,Média,Varejo
589,Cliente_106,Recorrente,38,Média,Atacado
590,Cliente_197,Recorrente,27,Alta,Atacado
591,Cliente_063,Recorrente,50,Alta,Varejo
592,Cliente_121,Novo,5,Baixa,Varejo
593,Cliente_098,Recorrente,8,Baixa,Atacado
594,Cliente_012,Novo,5,Média,Atacado
595,Cliente_095,Novo,1,Baixa,Varejo
596,Cliente_114,Recorrente,34,Média,Atacado
597,Cliente_133,Recorrente,25,Média,Atacado
598,Cliente_196,Recorrente,8,Média,Atacado
599,Cliente_005,Novo,0,Alta,Atacado
600,Cliente_104,Novo,5,Baixa,Atacado
601,Cliente_129,Novo,5,Baixa,Varejo
602,Cliente_151,Recorrente,53,Média,Varejo
603,Cliente_110,Novo,1,Baixa,Varejo
604,Cliente_117,Novo,1,Média,Atacado
605,Cliente_095,Recorrente,14,Baixa,Varejo
606,Cliente_154,Recorrente,46,Alta,Varejo
607,Cliente_066,Novo,3,Baixa,Varejo
608,Cliente_027,Recorrente,7,Alta,Varejo
609,Cliente_096,Recorrente,33,Baixa,Atacado
610,Cliente_120,Recorrente,35,Alta,Varejo
611,Cliente_080,Recorrente,52,Média,Atacado
612,Cliente_027,Recorrente,41,Média,Varejo
613,Cliente_102,Recorrente,30,Baixa,Varejo
614,Cliente_059,Novo,0,Baixa,Atacado
615,Cliente_074,Novo,1,Baixa,Varejo
616,Cliente_040,Novo,3,Média,Atacado
617,Cliente_075,Recorrente,2,Baixa,Atacado
618,Cliente_071,Recorrente,53,Alta,Atacado
619,Cliente_064,Novo,5,Baixa,Varejo
620,Cliente_115,Recorrente,11,Baixa,Atacado
621,Cliente_005,Recorrente,46,Baixa,Atacado
622,Cliente_087,Recorrente,18,Baixa,Atacado
623,Cliente_156,Recorrente,37,Baixa,Atacado
624,Cliente_179,Recorrente,2,Média,Atacado
625,Cliente_017,Recorrente,56,Alta,Atacado
626,Cliente_154,Recorrente,32,Alta,Varejo
627,Cliente_001,Recorrente,3,Alta,Atacado
628,Cliente_140,Recorrente,45,Média,Varejo
629,Cliente_163,Recorrente,35,Média,Varejo
630,Cliente_043,Novo,3,Baixa,Atacado
631,Cliente_113,Novo,0,Baixa,Atacado
632,Cliente_070,Novo,3,Alta,Atacado
633,Cliente_019,Recorrente,9,Média,Varejo
634,Cliente_031,Novo,4,Média,Varejo
635,Cliente_163,Novo,2,Média,Atacado
636,Cliente_155,Recorrente,59,Média,Varejo
637,Cliente_197,Novo,4,Média,Varejo
638,Cliente_024,Recorrente,5,Baixa,Atacado
639,Cliente_033,Recorrente,45,Baixa,Varejo
640,Cliente_062,Recorrente,15,Baixa,Atacado
641,Cliente_075,Recorrente,24,Média,Varejo
642,Cliente_160,Recorrente,8,Média,Varejo
643,Cliente_027,Recorrente,28,Média,Varejo
644,Cliente_165,Recorrente,12,Média,Varejo
645,Cliente_115,Recorrente,12,Média,Atacado
646,Cliente_007,Recorrente,59,Alta,Atacado
647,Cliente_175,Novo,4,Alta,Varejo
648,Cliente_111,Recorrente,48,Alta,Atacado
649,Cliente_170,Recorrente,8,Média,Atacado
650,Cliente_188,Recorrente,54,Média,Atacado
651,Cliente_056,Recorrente,33,Baixa,Varejo
652,Cliente_171,Novo,0,Baixa,Varejo
653,Cliente_110,Recorrente,23,Alta,Varejo
654,Cliente_115,Recorrente,25,Média,Varejo
655,Cliente_183,Novo,4,Alta,Atacado
656,Cliente_086,Novo,2,Alta,Atacado
657,Cliente_128,Recorrente,20,Média,Varejo
658,Cliente_003,Recorrente,46,Baixa,Varejo
659,Cliente_121,Recorrente,8,Baixa,Varejo
660,Cliente_137,Novo,5,Média,Atacado
661,Cliente_187,Recorrente,18,Média,Varejo
662,Cliente_065,Novo,3,Média,Atacado
663,Cliente_083,Recorrente,58,Baixa,Varejo
664,Cliente_070,Novo,1,Alta,Varejo
665,Cliente_023,Recorrente,15,Média,Atacado
666,Cliente_128,Novo,0,Média,Atacado
667,Cliente_180,Novo,0,Baixa,Varejo
668,Cliente_161,Novo,5,Alta,Varejo
669,Cliente_090,Novo,3,Média,Varejo
670,Cliente_078,Recorrente,26,Baixa,Varejo
671,Cliente_126,Recorrente,52,Baixa,Atacado
672,Cliente_027,Recorrente,34,Média,Varejo
673,Cliente_099,Recorrente,5,Alta,Atacado
674,Cliente_021,Recorrente,31,Baixa,Varejo
675,Cliente_033,Novo,1,Alta,Varejo
676,Cliente_035,Novo,2,Média,Atacado
677,Cliente_106,Novo,5,Média,Atacado
678,Cliente_179,Novo,1,Média,Varejo
679,Cliente_069,Recorrente,54,Média,Varejo
680,Cliente_005,Novo,5,Baixa,Varejo
681,Cliente_024,Novo,4,Baixa,Atacado
682,Cliente_043,Recorrente,30,Média,Varejo
683,Cliente_186,Novo,0,Baixa,Atacado
684,Cliente_085,Novo,4,Baixa,Atacado
685,Cliente_110,Recorrente,19,Baixa,Atacado
686,Cliente_115,Recorrente,24,Média,Varejo
687,Cliente_074,Novo,0,Alta,Atacado
688,Cliente_030,Recorrente,11,Média,Varejo
689,Cliente_064,Recorrente,43,Média,Varejo
690,Cliente_047,Recorrente,35,Alta,Atacado
691,Cliente_115,Recorrente,35,Baixa,Varejo
692,Cliente_150,Recorrente,51,Média,Atacado
693,Cliente_050,Novo,4,Alta,Atacado
694,Cliente_040,Recorrente,18,Média,Atacado
695,Cliente_035,Recorrente,9,Média,Varejo
696,Cliente_182,Novo,5,Alta,Atacado
697,Cliente_154,Recorrente,54,Média,Varejo
698,Cliente_043,Novo,4,Baixa,Atacado
699,Cliente_079,Recorrente,18,Baixa,Atacado
700,Cliente_071,Recorrente,33,Média,Atacado
701,Cliente_112,Novo,2,Alta,Atacado
702,Cliente_062,Novo,4,Baixa,Atacado
703,Cliente_167,Novo,1,Baixa,Atacado
704,Cliente_176,Novo,5,Alta,Varejo
705,Cliente_104,Novo,5,Média,Varejo
706,Cliente_023,Recorrente,27,Média,Atacado
707,Cliente_105,Recorrente,14,Média,Varejo
708,Cliente_195,Novo,0,Alta,Atacado
709,Cliente_012,Recorrente,38,Alta,Atacado
710,Cliente_143,Recorrente,49,Alta,Atacado
711,Cliente_011,Recorrente,40,Baixa,Atacado
712,Cliente_160,Recorrente,51,Alta,Varejo
713,Cliente_198,Recorrente,13,Alta,Varejo
714,Cliente_144,Recorrente,31,Média,Atacado
715,Cliente_154,Novo,0,Alta,Atacado
716,Cliente_008,Recorrente,24,Alta,Atacado
717,Cliente_067,Recorrente,10,Baixa,Atacado
718,Cliente_056,Recorrente,12,Alta,Atacado
719,Cliente_057,Novo,4,Baixa,Varejo
720,Cliente_108,Novo,2,Alta,Atacado
721,Cliente_011,Recorrente,5,Média,Varejo
722,Cliente_060,Recorrente,42,Baixa,Atacado
723,Cliente_154,Recorrente,52,Média,Varejo
724,Cliente_139,Novo,1,Média,Atacado
725,Cliente_065,Recorrente,51,Média,Varejo
726,Cliente_089,Recorrente,30,Baixa,Atacado
727,Cliente_182,Novo,1,Alta,Atacado
728,Cliente_020,Novo,2,Baixa,Atacado
729,Cliente_159,Recorrente,6,Média,Varejo
730,Cliente_152,Recorrente,57,Baixa,Atacado
731,Cliente_114,Novo,4,Média,Varejo
732,Cliente_062,Recorrente,24,Baixa,Varejo
733,Cliente_150,Novo,0,Baixa,Varejo
734,Cliente_098,Novo,5,Média,Atacado
735,Cliente_192,Novo,2,Baixa,Varejo
736,Cliente_109,Novo,0,Alta,Atacado
737,Cliente_058,Recorrente,7,Média,Varejo
738,Cliente_089,Novo,0,Baixa,Atacado
739,Cliente_104,Recorrente,58,Baixa,Varejo
740,Cliente_106,Novo,4,Média,Atacado
741,Cliente_129,Recorrente,35,Alta,Varejo
742,Cliente_005,Recorrente,46,Média,Atacado
743,Cliente_120,Recorrente,50,Alta,Varejo
744,Cliente_107,Novo,4,Alta,Varejo
745,Cliente_057,Novo,5,Média,Varejo
746,Cliente_033,Recorrente,29,Alta,Atacado
747,Cliente_060,Recorrente,4,Alta,Atacado
748,Cliente_025,Novo,1,Baixa,Varejo
749,Cliente_185,Novo,2,Baixa,Varejo
750,Cliente_087,Novo,0,Alta,Atacado
751,Cliente_078,Novo,2,Média,Atacado
752,Cliente_127,Novo,3,Baixa,Varejo
753,Cliente_176,Novo,0,Baixa,Varejo
754,Cliente_130,Novo,3,Baixa,Atacado
755,Cliente_032,Recorrente,16,Baixa,Atacado
756,Cliente_018,Recorrente,35,Alta,Varejo
757,Cliente_052,Recorrente,56,Baixa,Atacado
758,Cliente_098,Novo,0,Média,Atacado
759,Cliente_200,Novo,2,Alta,Varejo
760,Cliente_121,Recorrente,29,Baixa,Atacado
761,Cliente_025,Novo,2,Alta,Varejo
762,Cliente_109,Recorrente,19,Alta,Varejo
763,Cliente_111,Recorrente,53,Baixa,Atacado
764,Cliente_068,Recorrente,50,Alta,Atacado
765,Cliente_079,Novo,0,Alta,Atacado
766,Cliente_123,Recorrente,34,Média,Atacado
767,Cliente_039,Recorrente,30,Média,Atacado
768,Cliente_095,Novo,4,Baixa,Varejo
769,Cliente_177,Novo,3,Média,Varejo
770,Cliente_130,Recorrente,2,Média,Atacado
771,Cliente_141,Recorrente,4,Alta,Varejo
772,Cliente_092,Novo,4,Baixa,Atacado
773,Cliente_013,Recorrente,3,Baixa,Varejo
774,Cliente_028,Recorrente,47,Baixa,Atacado
775,Cliente_043,Recorrente,3,Alta,Varejo
776,Cliente_138,Novo,0,Alta,Atacado
777,Cliente_116,Recorrente,53,Média,Varejo
778,Cliente_081,Novo,1,Baixa,Atacado
779,Cliente_198,Recorrente,17,Baixa,Atacado
780,Cliente_013,Novo,3,Baixa,Atacado
781,Cliente_061,Recorrente,30,Baixa,Atacado
782,Cliente_055,Recorrente,5,Baixa,Varejo
783,Cliente_068,Recorrente,34,Alta,Varejo
784,Cliente_051,Novo,1,Alta,Atacado
785,Cliente_065,Novo,4,Média,Atacado
786,Cliente_095,Recorrente,12,Baixa,Atacado
787,Cliente_183,Recorrente,1,Baixa,Varejo
788,Cliente_024,Recorrente,7,Alta,Atacado
789,Cliente_092,Recorrente,12,Baixa,Atacado
790,Cliente_174,Novo,1,Baixa,Atacado
791,Cliente_059,Recorrente,23,Média,Varejo
792,Cliente_164,Novo,4,Média,Atacado
793,Cliente_119,Recorrente,54,Baixa,Varejo
794,Cliente_141,Novo,5,Alta,Atacado
795,Cliente_027,Recorrente,13,Alta,Varejo
796,Cliente_174,Recorrente,20,Baixa,Varejo
797,Cliente_149,Novo,2,Baixa,Atacado
798,Cliente_039,Novo,4,Média,Atacado
799,Cliente_021,Recorrente,39,Média,Atacado
800,Cliente_057,Recorrente,57,Alta,Atacado
801,Cliente_169,Recorrente,47,Média,Atacado
802,Cliente_125,Novo,0,Baixa,Varejo
803,Cliente_121,Novo,3,Alta,Varejo
804,Cliente_090,Novo,0,Alta,Atacado
805,Cliente_030,Recorrente,54,Média,Varejo
806,Cliente_020,Recorrente,34,Alta,Atacado
807,Cliente_016,Novo,5,Alta,Atacado
808,Cliente_132,Recorrente,21,Alta,Varejo
809,Cliente_094,Recorrente,56,Baixa,Atacado
810,Cliente_156,Recorrente,28,Média,Atacado
811,Cliente_049,Recorrente,24,Baixa,Atacado
812,Cliente_052,Recorrente,49,Alta,Atacado
813,Cliente_045,Novo,3,Alta,Atacado
814,Cliente_135,Recorrente,2,Alta,Atacado
815,Cliente_036,Novo,0,Média,Varejo
816,Cliente_134,Recorrente,10,Média,Atacado
817,Cliente_089,Recorrente,49,Baixa,Atacado
818,Cliente_126,Recorrente,32,Alta,Atacado
819,Cliente_022,Recorrente,6,Média,Atacado
820,Cliente_060,Recorrente,20,Baixa,Varejo
821,Cliente_196,Recorrente,32,Alta,Atacado
822,Cliente_096,Recorrente,42,Baixa,Atacado
823,Cliente_117,Novo,5,Média,Varejo
824,Cliente_036,Recorrente,24,Média,Atacado
825,Cliente_150,Recorrente,11,Alta,Atacado
826,Cliente_040,Novo,5,Baixa,Atacado
827,Cliente_036,Novo,4,Baixa,Varejo
828,Cliente_181,Recorrente,41,Média,Varejo
829,Cliente_048,Novo,4,Média,Atacado
830,Cliente_043,Recorrente,30,Baixa,Varejo
831,Cliente_122,Novo,2,Baixa,Varejo
832,Cliente_180,Novo,4,Baixa,Atacado
833,Cliente_012,Recorrente,9,Alta,Atacado
834,Cliente_136,Novo,4,Média,Varejo
835,Cliente_062,Novo,3,Baixa,Atacado
836,Cliente_096,Novo,2,Baixa,Atacado
837,Cliente_048,Novo,3,Média,Varejo
838,Cliente_192,Novo,3,Média,Atacado
839,Cliente_107,Novo,4,Média,Atacado
840,Cliente_121,Recorrente,47,Alta,Atacado
841,Cliente_017,Novo,3,Baixa,Varejo
842,Cliente_083,Recorrente,36,Alta,Varejo
843,Cliente_154,Novo,3,Alta,Varejo
844,Cliente_136,Novo,5,Baixa,Atacado
845,Cliente_122,Recorrente,56,Média,Varejo
846,Cliente_081,Novo,0,Média,Varejo
847,Cliente_127,Novo,0,Baixa,Varejo
848,Cliente_051,Novo,1,Baixa,Atacado
849,Cliente_130,Recorrente,35,Média,Atacado
850,Cliente_140,Novo,2,Alta,Atacado
851,Cliente_151,Novo,4,Média,Atacado
852,Cliente_069,Novo,5,Alta,Atacado
853,Cliente_128,Novo,5,Baixa,Varejo
854,Cliente_139,Novo,3,Baixa,Varejo
855,Cliente_131,Recorrente,9,Alta,Varejo
856,Cliente_133,Novo,5,Alta,Varejo
857,Cliente_066,Novo,2,Média,Atacado
858,Cliente_116,Recorrente,37,Alta,Atacado
859,Cliente_033,Recorrente,48,Baixa,Atacado
860,Cliente_143,Novo,1,Baixa,Varejo
861,Cliente_148,Recorrente,36,Alta,Varejo
862,Cliente_176,Novo,4,Baixa,Varejo
863,Cliente_147,Recorrente,40,Média,Atacado
864,Cliente_029,Novo,2,Alta,Varejo
865,Cliente_018,Recorrente,18,Média,Varejo
866,Cliente_085,Novo,1,Alta,Varejo
867,Cliente_103,Recorrente,13,Baixa,Varejo
868,Cliente_166,Novo,0,Média,Varejo
869,Cliente_087,Novo,2,Baixa,Varejo
870,Cliente_101,Recorrente,9,Baixa,Varejo
871,Cliente_175,Novo,0,Baixa,Atacado
872,Cliente_119,Recorrente,29,Média,Varejo
873,Cliente_178,Novo,4,Média,Varejo
874,Cliente_129,Recorrente,56,Média,Atacado
875,Cliente_171,Recorrente,23,Baixa,Atacado
876,Cliente_007,Recorrente,48,Média,Varejo
877,Cliente_021,Novo,1,Baixa,Atacado
878,Cliente_019,Novo,3,Baixa,Varejo
879,Cliente_041,Novo,2,Baixa,Varejo
880,Cliente_011,Recorrente,15,Alta,Varejo
881,Cliente_033,Novo,2,Baixa,Varejo
882,Cliente_093,Recorrente,23,Alta,Atacado
883,Cliente_049,Recorrente,4,Baixa,Atacado
884,Cliente_117,Novo,4,Alta,Varejo
885,Cliente_024,Recorrente,2,Alta,Atacado
886,Cliente_147,Novo,2,Alta,Varejo
887,Cliente_199,Novo,1,Baixa,Varejo
888,Cliente_194,Novo,2,Alta,Atacado
889,Cliente_110,Novo,3,Baixa,Varejo
890,Cliente_148,Novo,2,Baixa,Atacado
891,Cliente_149,Novo,0,Baixa,Atacado
892,Cliente_062,Recorrente,59,Baixa,Atacado
893,Cliente_145,Recorrente,29,Baixa,Atacado
894,Cliente_003,Recorrente,58,Alta,Atacado
895,Cliente_091,Novo,4,Média,Varejo
896,Cliente_049,Novo,4,Baixa,Atacado
897,Cliente_146,Recorrente,8,Baixa,Atacado
898,Cliente_032,Recorrente,38,Alta,Varejo
899,Cliente_063,Recorrente,50,Média,Varejo
900,Cliente_139,Recorrente,36,Alta,Varejo
901,Cliente_087,Recorrente,3,Alta,Varejo
902,Cliente_093,Novo,3,Média,Varejo
903,Cliente_178,Novo,0,Média,Varejo
904,Cliente_175,Novo,5,Baixa,Atacado
905,Cliente_011,Novo,3,Alta,Atacado
906,Cliente_154,Recorrente,50,Média,Atacado
907,Cliente_147,Novo,1,Alta,Varejo
908,Cliente_189,Novo,1,Média,Varejo
909,Cliente_053,Novo,3,Média,Atacado
910,Cliente_125,Novo,3,Baixa,Varejo
911,Cliente_153,Novo,2,Baixa,Atacado
912,Cliente_016,Novo,4,Alta,Atacado
913,Cliente_029,Novo,4,Alta,Atacado
914,Cliente_182,Recorrente,10,Média,Atacado
915,Cliente_045,Novo,4,Baixa,Atacado
916,Cliente_112,Recorrente,4,Baixa,Atacado
917,Cliente_005,Recorrente,33,Média,Varejo
918,Cliente_125,Recorrente,24,Baixa,Varejo
919,Cliente_037,Novo,4,Alta,Atacado
920,Cliente_057,Novo,5,Alta,Varejo
921,Cliente_175,Recorrente,51,Média,Varejo
922,Cliente_167,Recorrente,38,Alta,Atacado
923,Cliente_099,Novo,3,Média,Varejo
924,Cliente_038,Recorrente,54,Alta,Varejo
925,Cliente_160,Novo,0,Baixa,Varejo
926,Cliente_158,Recorrente,3,Alta,Varejo
927,Cliente_119,Novo,3,Baixa,Varejo
928,Cliente_019,Recorrente,53,Média,Varejo
929,Cliente_129,Recorrente,13,Baixa,Atacado
930,Cliente_035,Recorrente,17,Média,Varejo
931,Cliente_157,Novo,5,Média,Varejo
932,Cliente_028,Recorrente,43,Baixa,Atacado
933,Cliente_085,Recorrente,11,Alta,Varejo
934,Cliente_186,Recorrente,2,Média,Varejo
935,Cliente_037,Recorrente,53,Alta,Atacado
936,Cliente_118,Novo,4,Média,Atacado
937,Cliente_042,Recorrente,57,Alta,Atacado
938,Cliente_175,Novo,0,Média,Atacado
939,Cliente_017,Recorrente,30,Alta,Varejo
940,Cliente_040,Novo,3,Alta,Varejo
941,Cliente_046,Novo,0,Alta,Varejo
942,Cliente_165,Recorrente,43,Alta,Varejo
943,Cliente_099,Novo,3,Alta,Atacado
944,Cliente_040,Recorrente,14,Média,Atacado
945,Cliente_128,Novo,0,Média,Varejo
946,Cliente_139,Novo,0,Baixa,Varejo
947,Cliente_020,Novo,4,Alta,Atacado
948,Cliente_160,Novo,5,Baixa,Varejo
949,Cliente_010,Recorrente,38,Baixa,Varejo
950,Cliente_164,Recorrente,49,Baixa,Atacado
951,Cliente_013,Novo,4,Baixa,Atacado
952,Cliente_183,Recorrente,17,Média,Varejo
953,Cliente_104,Recorrente,45,Média,Atacado
954,Cliente_123,Novo,2,Alta,Varejo
955,Cliente_163,Novo,2,Alta,Varejo
956,Cliente_118,Novo,4,Alta,Atacado
957,Cliente_163,Novo,5,Alta,Atacado
958,Cliente_093,Novo,2,Média,Varejo
959,Cliente_138,Recorrente,42,Baixa,Varejo
960,Cliente_115,Novo,2,Baixa,Varejo
961,Cliente_042,Novo,1,Baixa,Atacado
962,Cliente_042,Novo,5,Média,Varejo
963,Cliente_112,Novo,3,Média,Varejo
964,Cliente_132,Recorrente,43,Baixa,Varejo
965,Cliente_027,Recorrente,41,Alta,Atacado
966,Cliente_176,Recorrente,11,Baixa,Varejo
967,Cliente_143,Novo,1,Média,Varejo
968,Cliente_140,Novo,3,Média,Varejo
969,Cliente_156,Novo,3,Média,Atacado
970,Cliente_136,Recorrente,17,Baixa,Varejo
971,Cliente_129,Recorrente,31,Alta,Atacado
972,Cliente_130,Novo,4,Média,Varejo
973,Cliente_029,Recorrente,22,Alta,Varejo
974,Cliente_034,Recorrente,40,Alta,Atacado
975,Cliente_011,Recorrente,23,Alta,Varejo
976,Cliente_123,Novo,4,Alta,Atacado
977,Cliente_159,Novo,5,Baixa,Atacado
978,Cliente_051,Recorrente,9,Média,Atacado
979,Cliente_146,Recorrente,8,Alta,Varejo
980,Cliente_048,Recorrente,43,Média,Atacado
981,Cliente_025,Recorrente,25,Alta,Varejo
982,Cliente_151,Recorrente,43,Alta,Atacado
983,Cliente_196,Recorrente,7,Baixa,Varejo
984,Cliente_118,Recorrente,5,Média,Atacado
